Year,Probability_15_SSP1,Probability_20_SSP1,Probability_15_SSP2,Probability_20_SSP2,Probability_15_SSP3,Probability_20_SSP3,Probability_15_SSP4,Probability_20_SSP4,Probability_15_SSP5,Probability_20_SSP5
1980,0.0,0.0,0.0,0.0,0.0,0.0,0.0,0.0,0.0,0.0
1981,0.0,0.0,0.0,0.0,0.0,0.0,0.0,0.0,0.0,0.0
1982,0.0,0.0,0.0,0.0,0.0,0.0,0.0,0.0,0.0,0.0
1983,0.0,0.0,0.0,0.0,0.0,0.0,0.0,0.0,0.0,0.0
1984,0.0,0.0,0.0,0.0,0.0,0.0,0.0,0.0,0.0,0.0
1985,0.0,0.0,0.0,0.0,0.0,0.0,0.0,0.0,0.0,0.0
1986,0.0,0.0,0.0,0.0,0.0,0.0,0.0,0.0,0.0,0.0
1987,0.0,0.0,0.0,0.0,0.0,0.0,0.0,0.0,0.0,0.0
1988,0.0,0.0,0.0,0.0,0.0,0.0,0.0,0.0,0.0,0.0
1989,0.0,0.0,0.0,0.0,0.0,0.0,0.0,0.0,0.0,0.0
1990,0.0,0.0,0.0,0.0,0.0,0.0,0.0,0.0,0.0,0.0
1991,0.0,0.0,0.0,0.0,0.0,0.0,0.0,0.0,0.0,0.0
1992,0.0,0.0,0.0,0.0,0.0,0.0,0.0,0.0,0.0,0.0
1993,0.0,0.0,0.0,0.0,0.0,0.0,0.0,0.0,0.0,0.0
1994,0.0,0.0,0.0,0.0,0.0,0.0,0.0,0.0,0.0,0.0
1995,0.0,0.0,0.0,0.0,0.0,0.0,0.0,0.0,0.0,0.0
1996,0.0,0.0,0.0,0.0,0.0,0.0,0.0,0.0,0.0,0.0
1997,0.0,0.0,0.0,0.0,0.0,0.0,0.0,0.0,0.0,0.0
1998,0.0,0.0,0.0,0.0,0.0,0.0,0.0,0.0,0.0,0.0
1999,0.0,0.0,0.0,0.0,0.0,0.0,0.0,0.0,0.0,0.0
2000,0.0,0.0,0.0,0.0,0.0,0.0,0.0,0.0,0.0,0.0
2001,0.0,0.0,0.0,0.0,0.0,0.0,0.0,0.0,0.0,0.0
2002,0.0,0.0,0.0,0.0,0.0,0.0,0.0,0.0,0.0,0.0
2003,0.0,0.0,0.0,0.0,0.0,0.0,0.0,0.0,0.0,0.0
2004,0.0,0.0,0.0,0.0,0.0,0.0,0.0,0.0,0.0,0.0
2005,0.0,0.0,0.0,0.0,0.0,0.0,0.0,0.0,0.0,0.0
2006,0.0,0.0,0.0,0.0,0.0,0.0,0.0,0.0,0.0,0.0
2007,0.0,0.0,0.0,0.0,0.0,0.0,0.0,0.0,0.0,0.0
2008,0.0,0.0,0.0,0.0,0.0,0.0,0.0,0.0,0.0,0.0
2009,0.0,0.0,0.0,0.0,0.0,0.0,0.0,0.0,0.0,0.0
2010,0.0,0.0,0.0,0.0,0.0,0.0,0.0,0.0,0.0,0.0
2011,0.0,0.0,0.0,0.0,0.0,0.0,0.0,0.0,0.0,0.0
2012,0.0,0.0,0.0,0.0,0.0,0.0,0.0,0.0,0.0,0.0
2013,0.0,0.0,0.0,0.0,0.0,0.0,0.0,0.0,0.0,0.0
2014,0.0,0.0,0.0,0.0,0.0,0.0,0.0,0.0,0.0,0.0
2015,0.0,0.0,0.0,0.0,0.0,0.0,0.0,0.0,0.0,0.0
2016,0.0,0.0,0.0,0.0,0.0,0.0,0.0,0.0,0.0,0.0
2017,0.0,0.0,0.0,0.0,0.0,0.0,0.0,0.0,0.0,0.0
2018,0.0,0.0,0.0,0.0,0.0,0.0,0.0,0.0,0.0,0.0
2019,0.0,0.0,0.0,0.0,0.0,0.0,0.0,0.0,0.0,0.0
2020,0.0,0.0,0.0,0.0,0.0,0.0,0.0,0.0,0.0,0.0
2021,0.0,0.0,0.0,0.0,0.0,0.0,1.0e-5,0.0,1.0e-5,0.0
2022,0.0,0.0,0.0,0.0,1.0e-5,0.0,3.0e-5,0.0,4.0e-5,0.0
2023,1.0e-5,0.0,2.0e-5,0.0,0.00013,0.0,0.00012,0.0,0.00074,0.0
2024,8.0e-5,0.0,0.00014,0.0,0.00042,0.0,0.00077,0.0,0.00396,0.0
2025,0.00023,0.0,0.00035,0.0,0.00085,0.0,0.00211,0.0,0.01119,0.0
2026,0.00039,0.0,0.00075,0.0,0.00169,0.0,0.00418,0.0,0.02197,0.0
2027,0.00077,0.0,0.00165,0.0,0.00389,0.0,0.00908,0.0,0.04401,0.0
2028,0.00176,0.0,0.0037,0.0,0.00885,0.0,0.01942,0.0,0.08437,0.0
2029,0.0028,0.0,0.00589,0.0,0.01463,0.0,0.03195,0.0,0.12854,0.0
2030,0.00346,0.0,0.00868,0.0,0.02192,0.0,0.0463,0.0,0.18014,0.0
2031,0.00543,0.0,0.01534,0.0,0.038,0.0,0.07649,0.0,0.2652,0.0
2032,0.00752,0.0,0.02294,0.0,0.05845,0.0,0.11394,0.0,0.35664,0.0
2033,0.00651,0.0,0.02343,0.0,0.06461,0.0,0.1306,0.0,0.39868,0.0
2034,0.00524,0.0,0.02189,0.0,0.06821,0.0,0.1416,0.0,0.43066,2.0e-5
2035,0.00537,0.0,0.02602,0.0,0.08849,0.0,0.18219,0.0,0.50731,3.0e-5
2036,0.00525,0.0,0.0305,0.0,0.11379,0.0,0.23275,0.0,0.58794,7.0e-5
2037,0.00541,0.0,0.0369,0.0,0.14516,0.0,0.29021,0.0,0.6642,0.00022
2038,0.00547,0.0,0.04395,0.0,0.18194,0.0,0.35352,0.0,0.73331,0.00058
2039,0.00484,0.0,0.05095,0.0,0.225,0.0,0.42042,4.0e-5,0.79237,0.00121
2040,0.00462,0.0,0.0567,0.0,0.26794,0.0,0.48517,5.0e-5,0.84102,0.00274
2041,0.00398,0.0,0.06235,0.0,0.3124,0.0,0.55095,8.0e-5,0.87975,0.00543
2042,0.00389,0.0,0.06781,0.0,0.35932,1.0e-5,0.6123,0.00018,0.91065,0.01016
2043,0.00326,0.0,0.07207,0.0,0.40554,2.0e-5,0.66908,0.00032,0.93446,0.0181
2044,0.0027,0.0,0.07548,0.0,0.44829,2.0e-5,0.71804,0.00061,0.95291,0.03045
2045,0.00234,0.0,0.07855,0.0,0.49217,3.0e-5,0.76254,0.00123,0.96552,0.04759
2046,0.00186,0.0,0.08142,0.0,0.53645,4.0e-5,0.80334,0.00214,0.97595,0.07157
2047,0.00147,0.0,0.08515,0.0,0.57855,7.0e-5,0.83874,0.00363,0.98285,0.10385
2048,0.00126,0.0,0.08756,0.0,0.61833,0.00012,0.86841,0.00598,0.98811,0.14417
2049,0.00112,0.0,0.09164,0.0,0.65723,0.00019,0.89428,0.00962,0.99199,0.19296
2050,0.00084,0.0,0.09477,0.0,0.69327,0.00019,0.91589,0.01504,0.9946,0.2512
2051,0.00073,0.0,0.09764,0.0,0.72639,0.00042,0.93398,0.02216,0.99622,0.3137
2052,0.0006,0.0,0.09875,0.0,0.75653,0.00072,0.94796,0.03239,0.9973,0.38048
2053,0.0005,0.0,0.09924,0.0,0.78382,0.00094,0.95953,0.04602,0.99825,0.45016
2054,0.00036,0.0,0.10002,0.0,0.80727,0.00149,0.9688,0.06312,0.9988,0.51754
2055,0.00033,0.0,0.09815,0.0,0.82741,0.0019,0.97527,0.08405,0.99919,0.58086
2056,0.00029,0.0,0.09691,0.0,0.84428,0.00272,0.98073,0.10889,0.99943,0.64015
2057,0.00018,0.0,0.09608,0.0,0.86115,0.00365,0.98527,0.13921,0.99959,0.69436
2058,0.00019,0.0,0.09475,0.0,0.87583,0.00476,0.9887,0.17287,0.99974,0.74399
2059,0.0001,0.0,0.09331,0.0,0.88955,0.00623,0.9913,0.21033,0.99981,0.78789
2060,0.0001,0.0,0.09312,0.0,0.90157,0.00772,0.99368,0.25294,0.99984,0.8266
2061,5.0e-5,0.0,0.09066,0.0,0.91253,0.00983,0.99525,0.29749,0.9999,0.85926
2062,4.0e-5,0.0,0.08946,0.0,0.92184,0.01199,0.99637,0.34547,0.99991,0.88688
2063,4.0e-5,0.0,0.08725,0.0,0.93143,0.01497,0.99725,0.39407,0.99993,0.90962
2064,2.0e-5,0.0,0.08447,0.0,0.93896,0.01847,0.99798,0.44457,0.99996,0.92763
2065,2.0e-5,0.0,0.08189,0.0,0.94471,0.0224,0.99854,0.4924,0.99994,0.94349
2066,3.0e-5,0.0,0.0782,0.0,0.95019,0.02644,0.99888,0.53853,0.99997,0.95613
2067,2.0e-5,0.0,0.07382,0.0,0.95534,0.03021,0.99918,0.58343,0.99998,0.96587
2068,2.0e-5,0.0,0.06933,0.0,0.96004,0.03481,0.99937,0.62729,0.99999,0.97348
2069,1.0e-5,0.0,0.06543,0.0,0.9639,0.04061,0.99954,0.66933,0.99999,0.97903
2070,1.0e-5,0.0,0.06192,0.0,0.96785,0.04698,0.99965,0.70881,0.99999,0.98429
2071,1.0e-5,0.0,0.05954,0.0,0.97175,0.05412,0.99977,0.74765,0.99999,0.98824
2072,2.0e-5,0.0,0.05591,0.0,0.97457,0.06218,0.99981,0.78194,0.99999,0.99101
2073,1.0e-5,0.0,0.05256,0.0,0.97714,0.06996,0.99985,0.81266,0.99999,0.99313
2074,1.0e-5,0.0,0.0494,0.0,0.97925,0.07927,0.99992,0.8383,1.0,0.9948
2075,0.0,0.0,0.04515,0.0,0.98137,0.08805,0.99997,0.86225,1.0,0.99618
2076,0.0,0.0,0.04179,0.0,0.98293,0.09653,0.99998,0.88219,1.0,0.99692
2077,0.0,0.0,0.03747,0.0,0.98421,0.10462,0.99998,0.89834,1.0,0.99771
2078,0.0,0.0,0.03309,0.0,0.98569,0.11261,0.99998,0.91291,1.0,0.99811
2079,0.0,0.0,0.02963,0.0,0.98651,0.12083,0.99998,0.92593,1.0,0.99846
2080,0.0,0.0,0.02554,0.0,0.98764,0.13058,0.99998,0.93774,1.0,0.99873
2081,0.0,0.0,0.02308,0.0,0.98888,0.14088,0.99998,0.94844,1.0,0.99895
2082,0.0,0.0,0.02179,0.0,0.98994,0.15239,0.99998,0.95742,1.0,0.99924
2083,0.0,0.0,0.01985,0.0,0.991,0.16301,0.99999,0.96481,1.0,0.99937
2084,0.0,0.0,0.01781,0.0,0.99152,0.17434,0.99999,0.97131,1.0,0.99957
2085,0.0,0.0,0.01546,0.0,0.99224,0.18398,1.0,0.97587,1.0,0.99967
2086,0.0,0.0,0.01407,0.0,0.99276,0.19475,1.0,0.97974,1.0,0.99978
2087,0.0,0.0,0.01194,0.0,0.99334,0.20408,1.0,0.98352,1.0,0.99984
2088,0.0,0.0,0.01062,0.0,0.99351,0.2118,1.0,0.98617,1.0,0.99985
2089,0.0,0.0,0.00907,0.0,0.9938,0.21865,1.0,0.98874,1.0,0.99987
2090,0.0,0.0,0.00786,0.0,0.99392,0.22651,1.0,0.9906,1.0,0.9999
2091,0.0,0.0,0.0,0.0,0.0,0.0,0.0,0.0,0.0,0.0
2092,0.0,0.0,0.0,0.0,0.0,0.0,0.0,0.0,0.0,0.0
2093,0.0,0.0,0.0,0.0,0.0,0.0,0.0,0.0,0.0,0.0
2094,0.0,0.0,0.0,0.0,0.0,0.0,0.0,0.0,0.0,0.0
2095,0.0,0.0,0.0,0.0,0.0,0.0,0.0,0.0,0.0,0.0
2096,0.0,0.0,0.0,0.0,0.0,0.0,0.0,0.0,0.0,0.0
2097,0.0,0.0,0.0,0.0,0.0,0.0,0.0,0.0,0.0,0.0
2098,0.0,0.0,0.0,0.0,0.0,0.0,0.0,0.0,0.0,0.0
2099,0.0,0.0,0.0,0.0,0.0,0.0,0.0,0.0,0.0,0.0
2100,0.0,0.0,0.0,0.0,0.0,0.0,0.0,0.0,0.0,0.0
